<?xml version="1.0" encoding="UTF-8"?>

<!DOCTYPE tiles-definitions PUBLIC "-//Apache Software Foundation//DTD Tiles Configuration 3.0//EN" "http://tiles.apache.org/dtds/tiles-config_3_0.dtd">

<tiles-definitions>

    <!-- tiles 적용 -->
    <definition name="baseLayout" template="/WEB-INF/layout/base-layout.jsp">
        <put-attribute name="top" value="/WEB-INF/layout/top.jsp" />
        <put-attribute name="body" value=""/>
        <put-attribute name="footer" value="/WEB-INF/layout/footer.jsp" />
    </definition>
    <definition name="*.tile" extends="baseLayout">
        <put-attribute name="body" value="/WEB-INF/views/{1}.jsp" />
    </definition>
    <definition name="*/*.tile" extends="baseLayout">
        <put-attribute name="body" value="/WEB-INF/views/{1}/{2}.jsp" />
    </definition>
    <definition name="*/*/*.tile" extends="baseLayout">
        <put-attribute name="body" value="/WEB-INF/views/{1}/{2}/{3}.jsp" />
    </definition>

    <!-- tiles 미적용 -->
    <definition name="default" template="/WEB-INF/layout/default.jsp">
        <put-attribute name="body" value="/WEB-INF/views/{1}.jsp" />
    </definition>
    <definition name="*.jsp" extends="default">
        <put-attribute name="body" value="/WEB-INF/views/{1}.jsp" />
    </definition>
    <definition name="*/*.jsp" extends="default">
        <put-attribute name="body" value="/WEB-INF/views/{1}/{2}.jsp" />
    </definition>
    <definition name="*/*/*.jsp" extends="baseLayout">
        <put-attribute name="body" value="/WEB-INF/views/{1}/{2}/{3}.jsp" />
    </definition>

</tiles-definitions>